epoch,time,train/box_loss,train/cls_loss,train/dfl_loss,metrics/precision(B),metrics/recall(B),metrics/mAP50(B),metrics/mAP50-95(B),val/box_loss,val/cls_loss,val/dfl_loss,lr/pg0,lr/pg1,lr/pg2
1,971.025,0,3.33813,0,0,0,0,0,0,0,0,0.00333295,0.00333295,0.00333295
2,1667.22,0,0,0,0,0,0,0,0,0,0,0.00600632,0.00600632,0.00600632
3,2340.61,0,0,0,0,0,0,0,0,0,0,0.00801969,0.00801969,0.00801969
4,3011.92,0,0,0,0,0,0,0,0,0,0,0.00703,0.00703,0.00703
5,3854.28,0,0,0,0,0,0,0,0,0,0,0.00604,0.00604,0.00604
6,4669.78,0,0,0,0,0,0,0,0,0,0,0.00505,0.00505,0.00505
7,5487.85,0,0,0,0,0,0,0,0,0,0,0.00406,0.00406,0.00406
8,6385.3,0,0,0,0,0,0,0,0,0,0,0.00307,0.00307,0.00307
9,7251.95,0,0,0,0,0,0,0,0,0,0,0.00208,0.00208,0.00208
10,7843.5,0,0,0,0,0,0,0,0,0,0,0.00109,0.00109,0.00109
