epoch,time,train/box_loss,train/cls_loss,train/dfl_loss,metrics/precision(B),metrics/recall(B),metrics/mAP50(B),metrics/mAP50-95(B),val/box_loss,val/cls_loss,val/dfl_loss,lr/pg0,lr/pg1,lr/pg2
1,1228.23,0,3.33813,0,0,0,0,0,0,0,0,0.00333295,0.00333295,0.00333295
2,2263.83,0,0,0,0,0,0,0,0,0,0,0.00600632,0.00600632,0.00600632
3,3328.6,0,0,0,0,0,0,0,0,0,0,0.00801969,0.00801969,0.00801969
4,4331.82,0,0,0,0,0,0,0,0,0,0,0.00703,0.00703,0.00703
5,5272,0,0,0,0,0,0,0,0,0,0,0.00604,0.00604,0.00604
6,6216.08,0,0,0,0,0,0,0,0,0,0,0.00505,0.00505,0.00505
7,7259.46,0,0,0,0,0,0,0,0,0,0,0.00406,0.00406,0.00406
8,8318.51,0,0,0,0,0,0,0,0,0,0,0.00307,0.00307,0.00307
9,9391.58,0,0,0,0,0,0,0,0,0,0,0.00208,0.00208,0.00208
10,10447.3,0,0,0,0,0,0,0,0,0,0,0.00109,0.00109,0.00109
